﻿<?xml version="1.0" encoding="UTF-8" standalone="yes"?>
<addon id="plugin.video.mlbmc"
    name="MLBMC"
    version="2.0.75"
    provider-name="yuioup">
    <requires>
        <import addon="xbmc.python" version="2.1.0"/>
        <import addon="script.module.beautifulsoup" version="3.2.0"/>
        <import addon="script.common.plugin.cache" version="2.5.1"/>
        <import addon="script.module.pydevd" version="3.4.1"/>
    </requires>
    <extension point="xbmc.python.pluginsource" library="default.py">
        <provides>video</provides>
    </extension>
    <extension point="xbmc.addon.metadata">
        <summary>Videos from mlb.com, Live games for MLB.tv subscribers.</summary>
        <description>Video highlights from MLB.com. MLb.tv subscribers can watch the live and archived games. Usually there is a free game of the day witch only requires a mlb.com account.</description>
        <platform>all</platform>
        <language>en</language>
        <license>GNU GENERAL PUBLIC LICENSE. Version 2, June 1991</license>
        <source>https://code.google.com/p/mlbmc-xbmc/</source>
        <forum>http://forum.xbmc.org/showthread.php?tid=104391</forum>
    </extension>
</addon>
